{
  "generator-jhipster": {
    "promptValues": {
      "packageName": "com.tradeprocess.admin",
      "nativeLanguage": "en"
    },
    "jhipsterVersion": "4.14.1",
    "baseName": "tradeprocessadmin",
    "packageName": "com.tradeprocess.admin",
    "packageFolder": "com/tradeprocess/admin",
    "serverPort": "8080",
    "authenticationType": "session",
    "cacheProvider": "no",
    "websocket": "spring-websocket",
    "databaseType": "sql",
    "devDatabaseType": "h2Disk",
    "prodDatabaseType": "oracle",
    "searchEngine": false,
    "messageBroker": false,
    "serviceDiscoveryType": false,
    "buildTool": "gradle",
    "enableSocialSignIn": false,
    "enableSwaggerCodegen": false,
    "rememberMeKey": "f1765b98e0e645827fb4d14594eacb2da341307e",
    "clientFramework": "angularX",
    "useSass": false,
    "clientPackageManager": "yarn",
    "applicationType": "monolith",
    "testFrameworks": [
      "cucumber"
    ],
    "jhiPrefix": "jhi",
    "enableTranslation": true,
    "nativeLanguage": "en",
    "languages": [
      "en",
      "fr"
    ]
  }
}