{
    "fluentMethods": true,
    "relationships": [
        {
            "relationshipName": "parent",
            "otherEntityName": "parent",
            "relationshipType": "one-to-many",
            "otherEntityRelationshipName": "enfant"
        },
        {
            "relationshipName": "parent1",
            "otherEntityName": "parent",
            "relationshipType": "many-to-one",
            "otherEntityField": "id"
        },
        {
            "relationshipName": "parent2",
            "otherEntityName": "parent",
            "relationshipType": "many-to-one",
            "otherEntityField": "id"
        },
        {
            "relationshipName": "parent3",
            "otherEntityName": "parent",
            "relationshipType": "many-to-one",
            "otherEntityField": "id"
        }
    ],
    "fields": [
        {
            "fieldName": "name",
            "fieldType": "String"
        },
        {
            "fieldName": "age",
            "fieldType": "Integer"
        },
        {
            "fieldName": "quartier",
            "fieldType": "String"
        },
        {
            "fieldName": "dateNaiss",
            "fieldType": "ZonedDateTime"
        },
        {
            "fieldName": "type",
            "fieldType": "Type",
            "fieldValues": "type1,type2,type3"
        },
        {
            "fieldName": "enabled",
            "fieldType": "Boolean"
        },
        {
            "fieldName": "field0",
            "fieldType": "Float"
        },
        {
            "fieldName": "field1",
            "fieldType": "Long"
        },
        {
            "fieldName": "field2",
            "fieldType": "Instant"
        }
    ],
    "changelogDate": "20180310064551",
    "dto": "mapstruct",
    "service": "serviceImpl",
    "entityTableName": "enfant",
    "jpaMetamodelFiltering": true,
    "pagination": "infinite-scroll"
}
