{
    "fluentMethods": true,
    "relationships": [],
    "fields": [
        {
            "fieldName": "name",
            "fieldType": "String"
        },
        {
            "fieldName": "age",
            "fieldType": "Integer"
        },
        {
            "fieldName": "fonction",
            "fieldType": "String"
        }
    ],
    "changelogDate": "20180310063614",
    "dto": "mapstruct",
    "service": "serviceImpl",
    "entityTableName": "parent",
    "jpaMetamodelFiltering": true,
    "pagination": "infinite-scroll"
}
