<?xml version="1.0" encoding="utf-8"?>
<databaseChangeLog
    xmlns="http://www.liquibase.org/xml/ns/dbchangelog"
    xmlns:ext="http://www.liquibase.org/xml/ns/dbchangelog-ext"
    xmlns:xsi="http://www.w3.org/2001/XMLSchema-instance"
    xsi:schemaLocation="http://www.liquibase.org/xml/ns/dbchangelog http://www.liquibase.org/xml/ns/dbchangelog/dbchangelog-3.5.xsd
                        http://www.liquibase.org/xml/ns/dbchangelog-ext http://www.liquibase.org/xml/ns/dbchangelog/dbchangelog-ext.xsd">

    <property name="now" value="now()" dbms="h2"/>

    <property name="now" value="sysdate" dbms="oracle"/>

    <property name="floatType" value="float4" dbms="postgresql, h2"/>
    <property name="floatType" value="float" dbms="mysql, oracle, mssql"/>

    <!--
        Added the entity Enfant.
    -->
    <changeSet id="20180310064551-1" author="jhipster">
        <createTable tableName="enfant">
            <column name="id" type="bigint" autoIncrement="${autoIncrement}">
                <constraints primaryKey="true" nullable="false"/>
            </column>
            <column name="name" type="varchar(255)">
                <constraints nullable="true" />
            </column>

            <column name="age" type="integer">
                <constraints nullable="true" />
            </column>

            <column name="quartier" type="varchar(255)">
                <constraints nullable="true" />
            </column>

            <column name="date_naiss" type="timestamp">
                <constraints nullable="true" />
            </column>

            <column name="jhi_type" type="varchar(255)">
                <constraints nullable="true" />
            </column>

            <column name="enabled" type="bit">
                <constraints nullable="true" />
            </column>

            <column name="field_0" type="${floatType}">
                <constraints nullable="true" />
            </column>

            <column name="field_1" type="bigint">
                <constraints nullable="true" />
            </column>

            <column name="field_2" type="timestamp">
                <constraints nullable="true" />
            </column>

            <column name="parent1_id" type="bigint">
                <constraints nullable="true" />
            </column>

            <column name="parent2_id" type="bigint">
                <constraints nullable="true" />
            </column>

            <column name="parent3_id" type="bigint">
                <constraints nullable="true" />
            </column>

            <!-- jhipster-needle-liquibase-add-column - JHipster will add columns here, do not remove-->
        </createTable>
        <dropDefaultValue tableName="enfant" columnName="date_naiss" columnDataType="datetime"/>
        <dropDefaultValue tableName="enfant" columnName="field_2" columnDataType="datetime"/>
        
    </changeSet>
    <!-- jhipster-needle-liquibase-add-changeset - JHipster will add changesets here, do not remove-->
</databaseChangeLog>
